author	clean_title	created_utc	domain	hasImage	id	image_url	linked_submission_id	num_comments	score	subreddit	title	upvote_ratio	2_way_label	3_way_label	6_way_label
TheR0ckhammer	instead of removing this rock that people kept hitting it was just painted yellow	1566055813	i.redd.it	TRUE	crnl7p	https://preview.redd.it/2h3mgcgf21h31.jpg?width=320&crop=smart&auto=webp&s=8e6ebf151d02d1eda93e991ffa9c7c8d0483e929	NA	15	47	mildlyinteresting	Instead of removing this rock that people kept hitting, it was just painted yellow	0.98	1	0	0
tacothecat	im not sure what leonardos motivation was with this	1374585740	NA	TRUE	cb8hvrs	http://i.imgur.com/AVUVYsT.jpg	1ivcbx	NA	1241	psbattle_artwork	I'm not sure what Leonardo's motivation was with this	NA	0	2	4
ApiContraption	other discussions	1379267117	NA	TRUE	cc8ub58	http://i.imgur.com/qtcmq7m%2ejpg	1mfyf2	NA	1	psbattle_artwork	Other Discussions	NA	0	2	4
jovenatractivo	these huge woodencarved cutlery	1570436448	i.redd.it	TRUE	degji9	https://preview.redd.it/3ut9l0haw2r31.jpg?width=320&crop=smart&auto=webp&s=6d6652ca679a4f3431645621fa84fd0e13d400c5	NA	2	12	mildlyinteresting	These huge wooden-carved cutlery	0.93	1	0	0
tori_bird	the proposal failed	1490679859	NA	TRUE	dfi3okn	http://i.imgur.com/88HKa3d.jpg	61wao6	NA	9309	psbattle_artwork	The proposal failed	NA	0	2	4
Lag_Master12	backwards truck	1536322044	i.redd.it	TRUE	9dtptf	https://preview.redd.it/0cbh81it8rk11.jpg?width=320&crop=smart&auto=webp&s=76d7496041ad72e9576f6bad213f27f98f1a78a7	NA	2	65	confusing_perspective	Backwards Truck	0.95	0	2	2
spockspeare	uv inside the secret meeting that changed the fate of vine forever	1477771506	unvis.it	TRUE	5a2brf	https://external-preview.redd.it/FUQYbH92hUUaXCQoy7XlxfEVH-efilnwLJTPLhl1cZE.jpg?width=216&crop=smart&auto=webp&s=8f01e412e3fae763bca97ccf16e1236ac8932f0f	NA	1	28	savedyouaclick	UV: Inside the secret meeting that changed the fate of Vine forever | 20 of the top-50 posters delivered a pay-for-play ultimatum ($1.2M/year, each, plus development control & better comment moderation). Vine said no and they shifted to other platforms.	0.91	0	2	5
Spider_602	aside from haireye color snap crackle and pop have the same exact face	1570626365	i.redd.it	TRUE	dfgrlb	https://preview.redd.it/ltrwl7w1lir31.jpg?width=320&crop=smart&auto=webp&s=c6428ea8973fea4e642f0fa7c149277a3c940162	NA	16	54	mildlyinteresting	Aside from hair/eye color, Snap, Crackle, and Pop have the same exact face	0.88	1	0	0
magicalMusical	this chromebook has a handle	1557874209	i.redd.it	TRUE	boprvw	https://preview.redd.it/vnr6rubca9y21.jpg?width=320&crop=smart&auto=webp&s=c28696d40e0d9e282ff9627ffdb4af6652cb23af	NA	8	15	mildlyinteresting	This chromebook has a handle.	0.83	1	0	0
Crash_TIME	di foxio	1464288644	NA	TRUE	d3ks64d	http://i.imgur.com/zR5zIqY.jpg	4l2zga	NA	3	psbattle_artwork	Di Foxio	NA	0	2	4
boredrider	a couple of cute seahorses	1396893476	imgur.com	TRUE	22fylu	https://external-preview.redd.it/Vwa_3axnxLs-ollW71USekS5Yqx636zmHXiyjvk8cdM.jpg?width=320&crop=smart&auto=webp&s=3ddc903cce3c609740ca6a3e9ba6cafe5c07b8a7	NA	0	8	pareidolia	A couple of cute seahorses	0.79	0	2	2
all-top-today_SS	detroit public schools teacher here tell me theyre getting a divorce after a year of home ownership	1461034696	i.imgur.com	TRUE	4fflvo	https://external-preview.redd.it/CP9l90pYQGYv9fQgOZgeERO0puKtORUB2ozfxFBeSsc.gif?width=320&crop=smart&format=png8&s=0fa2f42ed6ac936bb60178f7848ecac8afa75e58	NA	20	17	subredditsimulator	Detroit Public Schools teacher here; tell me they're getting a divorce after a year of home ownership	0.9	0	2	3
mutyang	suspicious powder discovered in letter addressed to donald trump	1461897104	edition.cnn.com	TRUE	4gxg3f	https://external-preview.redd.it/HvPVDFgDfDU-HiSB6nzc3FzmHmMO-ZPAT4yd3HuFe9o.jpg?width=320&crop=smart&auto=webp&s=775a9cd0011aa7cbb84dc6d4a45929dddcd72b10	NA	0	13	usanews	Suspicious powder discovered in letter addressed to Donald Trump	0.89	1	0	0
DrWankalot	piccolo v android un	1506822764	NA	TRUE	dnqn9bc	https://i.imgur.com/hwlCO0O.jpg	73gq3n	NA	3576	psbattle_artwork	Piccolo v. Android Un	NA	0	2	4
all-top-today_SS	months later have miscarriage for a tenfold increase in our us nuclear arsenal	1507777096	i.redd.it	TRUE	75u87h	https://preview.redd.it/bkflamw8e7rz.jpg?width=320&crop=smart&auto=webp&s=0c37813b3d06315ca9052ad0641df3ff602a4db1	NA	20	11	subredditsimulator	"3 months later, have ""miscarriage"" for a tenfold increase in our U.S. nuclear arsenal"	0.99	0	2	3
Gbrav747	the street signs in japantown san francisco are in both english and japanese	1571281546	i.redd.it	TRUE	dj0dkp	https://preview.redd.it/clly10l7p0t31.jpg?width=320&crop=smart&auto=webp&s=34f9b351ab4993dd0df245871b909eabde476ea9	NA	1	11	mildlyinteresting	The street signs in Japantown, San Francisco are in both English and Japanese	0.79	1	0	0
serunson	not him again	1386807041	NA	TRUE	cdzkkuc	http://i.imgur.com/mdkOEQl.jpg	1smj2r	NA	1	psbattle_artwork	Not Him Again...	NA	0	2	4
DeanLantern	homeless men wish theyd gone hungry instead of spending bitcoins	1386356396	wired.com	TRUE	1s9e0h	https://external-preview.redd.it/S-GU7wXPHUt9CudoZm3kBJP0NexyXpfyAEXRVDs4IiQ.jpg?width=320&crop=smart&auto=webp&s=ea6fd06e3882511ef5b5ff4cd13078ea5cb0133b	NA	0	29	nottheonion	Homeless Men Wish They'd Gone Hungry Instead of Spending Bitcoins	0.84	1	0	0
wataha	kitty forman	1475072728	i.imgur.com	TRUE	54wkh4	https://external-preview.redd.it/kr8Yl77-DLqvgolZCddAS9ws9m1ooW-Wj66ILDyOnms.jpg?width=320&crop=smart&auto=webp&s=0c65ef58656f6d0b185020c761210443db905696	NA	3	4	photoshopbattles	PsBattle: Kitty Forman	0.75	1	0	0
TBlizzey	restaurant owner donates of proceeds to help immigrants	1563487022	newsweek.com	TRUE	ceyvxt	https://external-preview.redd.it/2utM1dU1OCshynROa7ukzexywnkvIUhdeQXwhQfgprw.jpg?width=320&crop=smart&auto=webp&s=e3a90f002332ce8509f90cd2d24b3b5d01c7e1ea	NA	6	82	upliftingnews	Restaurant owner donates 100% of proceeds to help immigrants	0.78	1	0	0
slashquit	i dont get it	1401221279	NA	TRUE	chshl58	http://i.imgur.com/ZibrdEp.jpg	26lqz5	NA	7	psbattle_artwork	I don't get it	NA	0	2	4
xomska	this german shepherd mid air	1490076835	i.redd.it	TRUE	60m01t	https://preview.redd.it/r2lxetowdpmy.jpg?width=320&crop=smart&auto=webp&s=82773ae04fc16cc87e1060f3117ff6affecabba9	NA	6	107	photoshopbattles	PsBattle: This German Shepherd Mid Air	0.92	1	0	0
cajetin	reaching far	1566679069	i.redd.it	TRUE	cuyr8h	https://preview.redd.it/0j2praqpjgi31.jpg?width=320&crop=smart&auto=webp&s=7ef84dde5587406f4479116a561c990396b6caeb	NA	5	142	confusing_perspective	Reaching far	0.96	0	2	2
ch1l	french anti duelling date unknown	1564213933	i.redd.it	TRUE	ciet6l	https://preview.redd.it/g840qnelxsc31.jpg?width=320&crop=smart&auto=webp&s=01409294e2e609c7051f735ef14ec6afe7fabcff	NA	18	514	propagandaposters	French anti duelling propaganda. (date unknown)	0.99	0	1	5
Stalinhead	pincers for pincers by kukryniksy	1563390612	i.redd.it	TRUE	cehacu	https://preview.redd.it/vjx0erdfxwa31.jpg?width=320&crop=smart&auto=webp&s=72a669c524685218509101c0978d2b1d1ef39ba7	NA	1	33	propagandaposters	"""Pincers for pincers"" by Kukryniksy, 1941"	0.9	0	1	5
ohmygod_	dog catching bird in air	1393606387	i.imgur.com	TRUE	1z6vcf	https://external-preview.redd.it/8PvUw1l0SSo7_lssXCdhf5pADYBl5wfiVyvNpTus6Ww.jpg?width=320&crop=smart&auto=webp&s=d0402247a38f06af024f85b4d2fd334e1539ca30	NA	6	10	photoshopbattles	Dog catching bird in air [xpost /r/perfecttiming]	0.79	1	0	0
trytryagainty	i knew zach galifianakis was getting more hairy	1421624419	NA	TRUE	cnt9f70	http://i.imgur.com/VBUf9kt.jpg	2su9sm	NA	10	psbattle_artwork	I knew Zach Galifianakis was getting more hairy	NA	0	2	4
ApiContraption	other discussions	1390799197	NA	TRUE	cezuf4c	http://i.imgur.com/UDY04Fo%2ejpg	1w97gc	NA	2	psbattle_artwork	Other Discussions	NA	0	2	4
alanrezko	glory to the soliderliberator soviet poster from ww celebrating the soviet liberation of the concentration camps	1567509350	i.redd.it	TRUE	cz3gkv	https://preview.redd.it/b1ry71044dk31.jpg?width=108&crop=smart&auto=webp&s=bc7e6efe00db77c910bbe84be5d76101532c5465	NA	9	73	propagandaposters	"""Glory to the Solider-Liberator!"" Soviet poster from WW2 celebrating the Soviet liberation of the concentration camps"	0.96	0	1	5
avocategory	smoove b is back	1401816038	theonion.com	TRUE	277tgd	https://external-preview.redd.it/zzqltf1abYNdvyDh5wOdzbv1Zn4xP71HRvysBArAWVw.jpg?width=320&crop=smart&auto=webp&s=78aeb37f3901ef9c3af171ee22f01bdd5e910342	NA	0	16	theonion	Smoove B is back!	0.78	0	2	1
PatrickSeaStar	trees in downtown iowa city get cozy with annual sweater project	1415297780	thegazette.com	TRUE	2lhv6l	https://external-preview.redd.it/dAE8SWgXjtydFMsaGw3wAklkS87NaeOylkfb7sWR5I4.jpg?width=320&crop=smart&auto=webp&s=c98413ef538be5a7999a87839acc55fbe09f7bf2	NA	0	2	nottheonion	Trees in downtown Iowa City get cozy with annual sweater project	1	1	0	0
gustoizm	iron mans best friend	1478617887	NA	TRUE	d9r4j5c	http://i.imgur.com/Q1yA3Ia.jpg	5bt65w	NA	18	psbattle_artwork	Iron Man's Best Friend	NA	0	2	4
TheFckestUpest	a turtle shell i found in the woods today	1567998075	imgur.com	TRUE	d1l55x	https://external-preview.redd.it/5mfZe5w0dZBQr_F5uRThvQWaaHTCmriLhmrteXt2MzE.jpg?width=320&crop=smart&auto=webp&s=73a2f9bbff873b366aa79594ae15efd5dc3b0f92	NA	1	7	mildlyinteresting	A turtle shell I found in the woods today.	0.89	1	0	0
HumbleBeee	my friend says i dont eat things with faces well now what	1508287960	i.redd.it	TRUE	7732z2	https://preview.redd.it/6rpbw0yykhsz.jpg?width=320&crop=smart&auto=webp&s=22b28345f86ffecd06d2b2f8858dff23fac8b8f9	NA	1	9	pareidolia	My friend says “I don’t eat things with faces”. Well... now what?	0.85	0	2	2
BTerror1	im sure this is what it feels like	1383079209	NA	TRUE	cd2dsej	http://i.imgur.com/hlqtEhJ.jpg	1pedao	NA	1	psbattle_artwork	I'm sure this is what it feels like.	NA	0	2	4
shelldog	this	1342392412	NA	TRUE	c5ehdbu	http://i.imgur.com/IUl2r.jpg	wlgpi	NA	35	psbattle_artwork	this	NA	0	2	4
marcus_ivo	how can we break the internet without an internet	1425517273	NA	TRUE	cp4odod	http://i.imgur.com/f7fp37K.jpg	2xvr2u	NA	9	psbattle_artwork	How can we Break the Internet without an Internet?	NA	0	2	4
JustAnotherPSGuy	human care	1446830172	NA	TRUE	cwqtti2	http://i.imgur.com/JRN2Y9S.jpg	3rpzlv	NA	13	psbattle_artwork	human care	NA	0	2	4
adamup27	sepecula yukon with back cover art	1533261824	imgur.com	TRUE	945jdi	https://external-preview.redd.it/B78MPKlPIKR1tXHH0clfvKn-tvT_fWHegYfe1esm6a8.jpg?width=320&crop=smart&auto=webp&s=6a898cd063b09694a56b797c643feae25fb52aa0	NA	0	3	fakealbumcovers	SEPECULA - Yukon (with back cover art)	1	0	2	1
michaelconfoy	donald trump taking land from native americans justifiable because they were selfishly trying to keep it for themselves	1467354327	liberaldarkness.com	TRUE	4qqbix	https://external-preview.redd.it/9XHW8MQJRO8SwgN0PfhqBC3KMeRxInXwlsB4TAUUzY4.jpg?width=216&crop=smart&auto=webp&s=9bc107cb2e64a99705b33eae4f475db192bcd397	NA	2	2	satire	Donald Trump: Taking Land From Native Americans Justifiable Because They Were “Selfishly Trying to Keep It for Themselves”	0.75	0	2	1
Gnarnar	fluffy	1429547896	NA	TRUE	cqimjzg	http://i.imgur.com/HaRbvy6.jpg	337o8o	NA	13	psbattle_artwork	Fluffy	NA	0	2	4
Kiacha	puttin on the ritz	1360015277	NA	TRUE	c89cms5	http://i.imgur.com/GtixLgV.jpg	17tpdv	NA	2	psbattle_artwork	Puttin' on the Ritz	NA	0	2	4
CivilizedPsycho	my snack pack smiled back	1524117420	i.redd.it	TRUE	8dchpb	https://preview.redd.it/5xl6m7y22ts01.jpg?width=320&crop=smart&auto=webp&s=e491b4db0668454a848984b369a6bbc048fe2aac	NA	1	12	pareidolia	My Snack Pack smiled back.	0.81	0	2	2
Pilast	mcdonalds takes europe antiamericanism in brussels	1411068295	souciant.com	TRUE	2gsfjg	https://external-preview.redd.it/Y-L3wpySwudOkq_wkJtDGS3KGaF78E3nxBa8AN8Jxtg.jpg?width=216&crop=smart&auto=webp&s=2ecef3377329aa98c23cf111c615b6fb44df79d4	NA	0	7	propagandaposters	McDonald's Takes Europe: Anti-Americanism in Brussels, 2014	0.69	0	1	5
Sklarlight	benedict cumberbatch as doctor strange	1459631588	i.imgur.com	TRUE	4d3c8s	https://external-preview.redd.it/-Xbx4yKrBSuDL8Ho2zFfVGYskrf32ppA7ohhE0Kfw_s.jpg?width=320&crop=smart&auto=webp&s=c22f08f38a3f591d3f96e3d9cc0a61cc41c2cb6c	NA	4	14	photoshopbattles	PsBattle: Benedict Cumberbatch as Doctor Strange	0.75	1	0	0
Cmatthewman	modern	1447415100	NA	TRUE	cwysfhh	http://i.imgur.com/KMG5l9k.jpg	3sng4q	NA	8	psbattle_artwork	Modern	NA	0	2	4
Erdelfotoso	caique clown bird feeding its babies	1519765046	NA	TRUE	duxbqa0	https://i.imgur.com/lzVzE8R.jpg	8049p7	NA	2	psbattle_artwork	"Caique ""Clown Bird"" feeding its babies"	NA	0	2	4
paul_swimmer	the exposed button on the right sleeve on my uniform has been worn down due to years of it dragging on the desk using a mouse	1559881486	i.redd.it	TRUE	bxqe76	https://preview.redd.it/8l8cny203v231.jpg?width=320&crop=smart&auto=webp&s=0df768fa78317e1876f8d657e4cd6fd6d1e63c8f	NA	150	881	mildlyinteresting	The exposed button on the right sleeve on my uniform has been worn down due to years of it dragging on the desk using a mouse.	0.95	1	0	0
ellathrad	with deadpool	1424029399	NA	TRUE	comch50	http://i.imgur.com/5pQErhh.jpg	2vys9s	NA	18	psbattle_artwork	With Deadpool.	NA	0	2	4
SalokinSekwah	pakistan swears in untouchable hindu woman as member of senate	1520857295	iol.co.za	TRUE	83ujim	https://external-preview.redd.it/YE_5NW9TUC6opwk329UJJS7DZ8YBwHtQQI6mqT51Ii4.jpg?width=320&crop=smart&auto=webp&s=fea3fdd186454d5d6b1ca3e941f60c2a9e8ef5da	NA	1532	26481	upliftingnews	Pakistan swears in 'untouchable' Hindu woman as member of Senate	0.92	1	0	0
